<PAMDataset>
  <Metadata domain="IMAGE_STRUCTURE">
    <MDI key="COMPRESSION">JPEG</MDI>
    <MDI key="INTERLEAVE">PIXEL</MDI>
    <MDI key="SOURCE_COLOR_SPACE">YCbCr</MDI>
  </Metadata>
  <Metadata domain="xml:ESRI" format="xml">
    <GeodataXform xsi:type="typens:PolynomialXform" xmlns:xsi="http://www.w3.org/2001/XMLSchema-instance" xmlns:xs="http://www.w3.org/2001/XMLSchema" xmlns:typens="http://www.esri.com/schemas/ArcGIS/10.7">
      <PolynomialOrder>1</PolynomialOrder>
      <SpatialReference xsi:type="typens:GeographicCoordinateSystem">
        <WKT>GEOGCS["GCS_WGS_1984",DATUM["D_WGS_1984",SPHEROID["WGS_1984",6378137.0,298.257223563]],PRIMEM["Greenwich",0.0],UNIT["Degree",0.0174532925199433],AUTHORITY["EPSG",4326]]</WKT>
        <XOrigin>-400</XOrigin>
        <YOrigin>-400</YOrigin>
        <XYScale>11258999068426.24</XYScale>
        <ZOrigin>-100000</ZOrigin>
        <ZScale>10000</ZScale>
        <MOrigin>-100000</MOrigin>
        <MScale>10000</MScale>
        <XYTolerance>8.983152841195215e-09</XYTolerance>
        <ZTolerance>0.001</ZTolerance>
        <MTolerance>0.001</MTolerance>
        <HighPrecision>true</HighPrecision>
        <LeftLongitude>-180</LeftLongitude>
        <WKID>4326</WKID>
        <LatestWKID>4326</LatestWKID>
      </SpatialReference>
      <CoeffX xsi:type="typens:ArrayOfDouble">
        <Double>71.676935997805842</Double>
        <Double>0.00066319227753375385</Double>
        <Double>5.755644843603293e-06</Double>
      </CoeffX>
      <CoeffY xsi:type="typens:ArrayOfDouble">
        <Double>34.217330244818797</Double>
        <Double>-5.755644843603293e-06</Double>
        <Double>0.00066319227753375385</Double>
      </CoeffY>
      <InverseCoeffX xsi:type="typens:ArrayOfDouble">
        <Double>-107622.78249375547</Double>
        <Double>1507.7447668858931</Double>
        <Double>-13.085260017303366</Double>
      </InverseCoeffX>
      <InverseCoeffY xsi:type="typens:ArrayOfDouble">
        <Double>-52528.911958206823</Double>
        <Double>13.085260017303145</Double>
        <Double>1507.7447668858931</Double>
      </InverseCoeffY>
      <Name />
    </GeodataXform>
  </Metadata>
</PAMDataset>
